"constraint_name","table_name","column_name"
"committees_chairperson_id_fkey","committees","pronamespace"
"committees_chairperson_id_fkey","committees","typnamespace"
"committees_chairperson_id_fkey","committees","atttypid"
"committees_chairperson_id_fkey","committees","relnamespace"
"committees_chairperson_id_fkey","committees","adnum"
"committees_chairperson_id_fkey","committees","connamespace"
"committees_chairperson_id_fkey","committees","inhseqno"
"committees_chairperson_id_fkey","committees","indnatts"
"committees_chairperson_id_fkey","committees","oprnamespace"
"committees_chairperson_id_fkey","committees","opfname"
"committees_chairperson_id_fkey","committees","opcname"
"committees_chairperson_id_fkey","committees","amhandler"
"committees_chairperson_id_fkey","committees","amoplefttype"
"committees_chairperson_id_fkey","committees","amproclefttype"
"committees_chairperson_id_fkey","committees","lanowner"
"committees_chairperson_id_fkey","committees","lomacl"
"committees_chairperson_id_fkey","committees","data"
"committees_chairperson_id_fkey","committees","aggnumdirectargs"
"committees_chairperson_id_fkey","committees","stainherit"
"committees_chairperson_id_fkey","committees","stxname"
"committees_chairperson_id_fkey","committees","stxddependencies"
"committees_chairperson_id_fkey","committees","ev_class"
"committees_chairperson_id_fkey","committees","tgparentid"
"committees_chairperson_id_fkey","committees","evtevent"
"committees_chairperson_id_fkey","committees","objsubid"
"committees_chairperson_id_fkey","committees","casttarget"
"committees_chairperson_id_fkey","committees","enumsortorder"
"committees_chairperson_id_fkey","committees","nspowner"
"committees_chairperson_id_fkey","committees","connamespace"
"committees_chairperson_id_fkey","committees","objsubid"
"committees_chairperson_id_fkey","committees","datdba"
"committees_chairperson_id_fkey","committees","setconfig"
"committees_chairperson_id_fkey","committees","spcowner"
"committees_chairperson_id_fkey","committees","rolsuper"
"committees_chairperson_id_fkey","committees","grantor"
"committees_chairperson_id_fkey","committees","objid"
"committees_chairperson_id_fkey","committees","description"
"committees_chairperson_id_fkey","committees","cfgnamespace"
"committees_chairperson_id_fkey","committees","mapseqno"
"committees_chairperson_id_fkey","committees","dictnamespace"
"committees_chairperson_id_fkey","committees","prsnamespace"
"committees_chairperson_id_fkey","committees","tmplnamespace"
"committees_chairperson_id_fkey","committees","extowner"
"committees_chairperson_id_fkey","committees","fdwowner"
"committees_chairperson_id_fkey","committees","srvowner"
"committees_chairperson_id_fkey","committees","umserver"
"committees_chairperson_id_fkey","committees","ftoptions"
"committees_chairperson_id_fkey","committees","polrelid"
"committees_chairperson_id_fkey","committees","defaclnamespace"
"committees_chairperson_id_fkey","committees","objsubid"
"committees_chairperson_id_fkey","committees","objsubid"
"committees_chairperson_id_fkey","committees","provider"
"committees_chairperson_id_fkey","committees","collnamespace"
"committees_chairperson_id_fkey","committees","partnatts"
"committees_chairperson_id_fkey","committees","rngmultitypid"
"committees_chairperson_id_fkey","committees","trflang"
"committees_chairperson_id_fkey","committees","seqstart"
"committees_chairperson_id_fkey","committees","pubowner"
"committees_chairperson_id_fkey","committees","prrelid"
"committees_chairperson_id_fkey","committees","is_called"
"committees_chairperson_id_fkey","committees","srsubstate"
"committees_chairperson_id_fkey","committees","chunk_data"
"committees_chairperson_id_fkey","committees","chunk_data"
"committees_chairperson_id_fkey","committees","chunk_data"
"committees_chairperson_id_fkey","committees","chunk_data"
"committees_chairperson_id_fkey","committees","chunk_data"
"committees_chairperson_id_fkey","committees","chunk_data"
"committees_chairperson_id_fkey","committees","chunk_data"
"committees_chairperson_id_fkey","committees","chunk_data"
"committees_chairperson_id_fkey","committees","chunk_data"
"committees_chairperson_id_fkey","committees","chunk_data"
"committees_chairperson_id_fkey","committees","chunk_data"
"committees_chairperson_id_fkey","committees","chunk_data"
"committees_chairperson_id_fkey","committees","chunk_data"
"committees_chairperson_id_fkey","committees","chunk_data"
"committees_chairperson_id_fkey","committees","chunk_data"
"committees_chairperson_id_fkey","committees","chunk_data"
"committees_chairperson_id_fkey","committees","chunk_data"
"committees_chairperson_id_fkey","committees","chunk_data"
"committees_chairperson_id_fkey","committees","chunk_data"
"committees_chairperson_id_fkey","committees","chunk_data"
"committees_chairperson_id_fkey","committees","chunk_data"
"committees_chairperson_id_fkey","committees","chunk_data"
"committees_chairperson_id_fkey","committees","chunk_data"
"committees_chairperson_id_fkey","committees","chunk_data"
"committees_chairperson_id_fkey","committees","chunk_data"
"committees_chairperson_id_fkey","committees","chunk_data"
"committees_chairperson_id_fkey","committees","chunk_data"
"committees_chairperson_id_fkey","committees","chunk_data"
"committees_chairperson_id_fkey","committees","chunk_data"
"committees_chairperson_id_fkey","committees","chunk_data"
"committees_chairperson_id_fkey","committees","chunk_data"
"committees_chairperson_id_fkey","committees","chunk_data"
"committees_chairperson_id_fkey","committees","chunk_data"
"committees_chairperson_id_fkey","committees","chunk_data"
"committees_chairperson_id_fkey","committees","pronamespace"
"committees_chairperson_id_fkey","committees","conname"
"committees_chairperson_id_fkey","committees","oprright"
"committees_chairperson_id_fkey","committees","opfnamespace"
"committees_chairperson_id_fkey","committees","opcnamespace"
"committees_chairperson_id_fkey","committees","amoprighttype"
"committees_chairperson_id_fkey","committees","amopfamily"
"committees_chairperson_id_fkey","committees","amprocrighttype"
"committees_chairperson_id_fkey","committees","stainherit"
"committees_chairperson_id_fkey","committees","objsubid"
"committees_chairperson_id_fkey","committees","contoencoding"
"committees_chairperson_id_fkey","committees","objsubid"
"committees_chairperson_id_fkey","committees","refobjsubid"
"committees_chairperson_id_fkey","committees","objid"
"committees_chairperson_id_fkey","committees","mapseqno"
"committees_chairperson_id_fkey","committees","defaclobjtype"
"committees_chairperson_id_fkey","committees","objsubid"
"committees_chairperson_id_fkey","committees","objsubid"
"committees_chairperson_id_fkey","committees","provider"
"committees_chairperson_id_fkey","committees","collnamespace"
"committees_chairperson_id_fkey","committees","rolinherit"
"committees_chairperson_id_fkey","committees","usecreatedb"
"committees_chairperson_id_fkey","committees","grolist"
"committees_chairperson_id_fkey","committees","usecreatedb"
"committees_chairperson_id_fkey","committees","policyname"
"committees_chairperson_id_fkey","committees","rulename"
"committees_chairperson_id_fkey","committees","viewowner"
"committees_chairperson_id_fkey","committees","tableowner"
"committees_chairperson_id_fkey","committees","matviewowner"
"committees_chairperson_id_fkey","committees","indexname"
"committees_chairperson_id_fkey","committees","sequenceowner"
"committees_chairperson_id_fkey","committees","attname"
"committees_chairperson_id_fkey","committees","statistics_schemaname"
"committees_chairperson_id_fkey","committees","statistics_schemaname"
"committees_chairperson_id_fkey","committees","tablename"
"committees_chairperson_id_fkey","committees","relation"
"committees_chairperson_id_fkey","committees","is_holdable"
"committees_chairperson_id_fkey","committees","installed_version"
"committees_chairperson_id_fkey","committees","installed"
"committees_chairperson_id_fkey","committees","prepared"
"committees_chairperson_id_fkey","committees","prepare_time"
"committees_chairperson_id_fkey","committees","objsubid"
"committees_chairperson_id_fkey","committees","unit"
"committees_chairperson_id_fkey","committees","seqno"
"committees_chairperson_id_fkey","committees","database"
"committees_chairperson_id_fkey","committees","is_dst"
"committees_chairperson_id_fkey","committees","utc_offset"
"committees_chairperson_id_fkey","committees","size"
"committees_chairperson_id_fkey","committees","parent"
"committees_chairperson_id_fkey","committees","relname"
"committees_chairperson_id_fkey","committees","relname"
"committees_chairperson_id_fkey","committees","relname"
"committees_chairperson_id_fkey","committees","relname"
"committees_chairperson_id_fkey","committees","relname"
"committees_chairperson_id_fkey","committees","relname"
"committees_chairperson_id_fkey","committees","relname"
"committees_chairperson_id_fkey","committees","relname"
"committees_chairperson_id_fkey","committees","relname"
"committees_chairperson_id_fkey","committees","schemaname"
"committees_chairperson_id_fkey","committees","schemaname"
"committees_chairperson_id_fkey","committees","schemaname"
"committees_chairperson_id_fkey","committees","schemaname"
"committees_chairperson_id_fkey","committees","schemaname"
"committees_chairperson_id_fkey","committees","schemaname"
"committees_chairperson_id_fkey","committees","relname"
"committees_chairperson_id_fkey","committees","relname"
"committees_chairperson_id_fkey","committees","relname"
"committees_chairperson_id_fkey","committees","pid"
"committees_chairperson_id_fkey","committees","usename"
"committees_chairperson_id_fkey","committees","blks_hit"
"committees_chairperson_id_fkey","committees","receive_start_lsn"
"committees_chairperson_id_fkey","committees","pid"
"committees_chairperson_id_fkey","committees","version"
"committees_chairperson_id_fkey","committees","principal"
"committees_chairperson_id_fkey","committees","slot_type"
"committees_chairperson_id_fkey","committees","spill_count"
"committees_chairperson_id_fkey","committees","numbackends"
"committees_chairperson_id_fkey","committees","confl_tablespace"
"committees_chairperson_id_fkey","committees","funcname"
"committees_chairperson_id_fkey","committees","funcname"
"committees_chairperson_id_fkey","committees","last_archived_time"
"committees_chairperson_id_fkey","committees","checkpoint_write_time"
"committees_chairperson_id_fkey","committees","wal_bytes"
"committees_chairperson_id_fkey","committees","datname"
"committees_chairperson_id_fkey","committees","datname"
"committees_chairperson_id_fkey","committees","datname"
"committees_chairperson_id_fkey","committees","datname"
"committees_chairperson_id_fkey","committees","backup_total"
"committees_chairperson_id_fkey","committees","datname"
"committees_chairperson_id_fkey","committees","srvname"
"committees_chairperson_id_fkey","committees","remote_lsn"
"committees_chairperson_id_fkey","committees","subname"
"committees_chairperson_id_fkey","committees","is_grantable"
"committees_chairperson_id_fkey","committees","is_grantable"
"committees_chairperson_id_fkey","committees","udt_name"
"committees_chairperson_id_fkey","committees","character_set_name"
"committees_chairperson_id_fkey","committees","constraint_name"
"committees_chairperson_id_fkey","committees","constraint_name"
"committees_chairperson_id_fkey","committees","collation_name"
"committees_chairperson_id_fkey","committees","collation_name"
"committees_chairperson_id_fkey","committees","table_name"
"committees_chairperson_id_fkey","committees","domain_name"
"committees_chairperson_id_fkey","committees","table_catalog"
"committees_chairperson_id_fkey","committees","udt_name"
"committees_chairperson_id_fkey","committees","table_name"
"committees_chairperson_id_fkey","committees","table_name"
"committees_chairperson_id_fkey","committees","table_name"
"committees_chairperson_id_fkey","committees","constraint_name"
"committees_chairperson_id_fkey","committees","udt_name"
"committees_chairperson_id_fkey","committees","domain_name"
"committees_chairperson_id_fkey","committees","constraint_name"
"committees_chairperson_id_fkey","committees","specific_name"
"committees_chairperson_id_fkey","committees","constraint_name"
"committees_chairperson_id_fkey","committees","table_catalog"
"committees_chairperson_id_fkey","committees","specific_name"
"committees_chairperson_id_fkey","committees","specific_catalog"
"committees_chairperson_id_fkey","committees","specific_catalog"
"committees_chairperson_id_fkey","committees","specific_name"
"committees_chairperson_id_fkey","committees","specific_name"
"committees_chairperson_id_fkey","committees","specific_name"
"committees_chairperson_id_fkey","committees","specific_name"
"committees_chairperson_id_fkey","committees","schema_owner"
"committees_chairperson_id_fkey","committees","sequence_name"
"committees_chairperson_id_fkey","committees","sub_feature_id"
"committees_chairperson_id_fkey","committees","chunk_data"
"committees_chairperson_id_fkey","committees","integer_value"
"committees_chairperson_id_fkey","committees","chunk_data"
"committees_chairperson_id_fkey","committees","is_supported"
"committees_chairperson_id_fkey","committees","chunk_data"
"committees_chairperson_id_fkey","committees","supported_value"
"committees_chairperson_id_fkey","committees","chunk_data"
"committees_chairperson_id_fkey","committees","constraint_name"
"committees_chairperson_id_fkey","committees","table_catalog"
"committees_chairperson_id_fkey","committees","table_catalog"
"committees_chairperson_id_fkey","committees","table_name"
"committees_chairperson_id_fkey","committees","udt_name"
"committees_chairperson_id_fkey","committees","trigger_name"
"committees_chairperson_id_fkey","committees","trigger_name"
"committees_chairperson_id_fkey","committees","udt_catalog"
"committees_chairperson_id_fkey","committees","udt_catalog"
"committees_chairperson_id_fkey","committees","object_catalog"
"committees_chairperson_id_fkey","committees","object_catalog"
"committees_chairperson_id_fkey","committees","user_defined_type_name"
"committees_chairperson_id_fkey","committees","view_name"
"committees_chairperson_id_fkey","committees","table_name"
"committees_chairperson_id_fkey","committees","view_name"
"committees_chairperson_id_fkey","committees","table_name"
"committees_chairperson_id_fkey","committees","object_name"
"committees_chairperson_id_fkey","committees","object_name"
"committees_chairperson_id_fkey","committees","attname"
"committees_chairperson_id_fkey","committees","table_name"
"committees_chairperson_id_fkey","committees","fdwoptions"
"committees_chairperson_id_fkey","committees","option_name"
"committees_chairperson_id_fkey","committees","authorization_identifier"
"committees_chairperson_id_fkey","committees","foreign_server_catalog"
"committees_chairperson_id_fkey","committees","option_name"
"committees_chairperson_id_fkey","committees","foreign_data_wrapper_catalog"
"committees_chairperson_id_fkey","committees","foreign_table_name"
"committees_chairperson_id_fkey","committees","foreign_table_name"
"committees_chairperson_id_fkey","committees","foreign_table_name"
"committees_chairperson_id_fkey","committees","umuser"
"committees_chairperson_id_fkey","committees","foreign_server_name"
"committees_chairperson_id_fkey","committees","foreign_server_name"
"committees_chairperson_id_fkey","committees","last_name"
"committees_chairperson_id_fkey","committees","is_called"
"committees_chairperson_id_fkey","committees","chairperson_id"
"committees_chairperson_id_fkey","committees","is_called"
"committees_chairperson_id_fkey","committees","senator_id"
"committees_chairperson_id_fkey","committees","is_called"
"committees_chairperson_id_fkey","committees","summary"
"committees_chairperson_id_fkey","committees","chunk_data"
"committees_chairperson_id_fkey","committees","is_called"
"committees_chairperson_id_fkey","committees","senator_id"
"committees_chairperson_id_fkey","committees","is_called"
"committees_chairperson_id_fkey","committees","old_phone"
"committees_chairperson_id_fkey","committees","is_called"
"committees_chairperson_id_fkey","committees","last_name"
"committees_chairperson_id_fkey","committees","is_called"
"committees_chairperson_id_fkey","committees","representative_id"
"committees_chairperson_id_fkey","committees","is_called"
"committees_chairperson_id_fkey","committees","summary"
"committees_chairperson_id_fkey","committees","chunk_data"
"committees_chairperson_id_fkey","committees","is_called"
"committees_chairperson_id_fkey","committees","representative_id"
"committees_chairperson_id_fkey","committees","is_called"
"committees_chairperson_id_fkey","committees","old_phone"
